ARG145-Side-NH2/L01643-Side-O2,88.28
GLU612-Main-N/L01643-Side-O1,19.98
ARG145-Side-NE/L01643-Side-O2,34.06
L01643-Side-O1/GLU612-Side-OE2,90.18
ARG139-Side-NE/L01643-Side-O3,28.72
L01643-Side-N4/THR444-Side-OG1,30.580000000000005
ARG139-Side-NH2/L01643-Side-O3,1.2200000000000002
VAL146-Main-N/L01643-Side-N3,0.32
L01643-Side-N4/THR444-Main-O,1.54
ARG145-Side-NE/L01643-Side-N3,0.32
ARG145-Main-N/L01643-Side-N3,0.02
L01643-Side-N4/GLY116-Main-N,0.04
L01643-Side-O1/ARG145-Side-NH2,0.08
ARG145-Side-NH2/L01643-Side-N1,0.2
ARG145-Main-N/L01643-Side-O2,0.8800000000000001
ARG145-Side-NH2/L01643-Side-N3,0.2
ARG145-Side-NH2/L01643-Side-N2,0.06
ARG145-Side-NH1/L01643-Side-O2,4.92
ARG145-Side-NH1/L01643-Side-O1,0.08
L01643-Side-O1/ARG145-Side-NH1,0.02
L01643-Side-N4/SER115-Main-O,0.76
L01643-Side-O1/THR621-Main-O,0.02
L01643-Side-O1/GLU612-Side-OE1,0.5
