ARG145-Side-NE/L02643-Side-N1,19.2
L02643-Side-N6/GLU137-Side-OE1,72.12
L02643-Side-N6/GLU137-Side-OE2,45.36
ARG145-Main-N/L02643-Side-N1,13.2
VAL117-Main-N/L02643-Side-N4,1.8799999999999997
ARG139-Side-NH2/L02643-Side-N1,3.6799999999999997
SER118-Main-N/L02643-Side-N4,13.919999999999998
SER118-Side-OG/L02643-Side-N4,0.76
ARG145-Side-NH2/L02643-Side-N3,8.16
VAL117-Main-N/L02643-Side-O1,0.64
ARG145-Side-NE/L02643-Side-N3,6.08
SER118-Main-N/L02643-Side-O1,1.92
ARG139-Side-NE/L02643-Side-N1,0.04
ARG145-Side-NH2/L02643-Side-N4,0.08
VAL162-Main-N/L02643-Side-N5,0.04
